{
  "Jitter(%)": 0.006, "Jitter(Abs)": 0.00004822, "Jitter:RAP": 0.00302, "Jitter:PPQ5": 0.00294, "Jitter:DDP": 0.00907,
  "Shimmer": 0.03866, "Shimmer(dB)": 0.331, "Shimmer:APQ3": 0.02058, "Shimmer:APQ5": 0.02464, "Shimmer:APQ11": 0.02778,
  "Shimmer:DDA": 0.06175, "NHR": 0.019901, "HNR": 20.632, "RPDE": 0.541, "DFA": 0.75905, "PPE": 0.19288
}