{
  "MDVP:Fo(Hz)": 198.764,
  "MDVP:Fhi(Hz)": 396.961,
  "MDVP:Flo(Hz)": 74.904,
  "MDVP:Jitter(%)": 0.00740,
  "MDVP:Jitter(Abs)": 0.00004,
  "MDVP:RAP": 0.00370,
  "MDVP:PPQ": 0.00390,
  "Jitter:DDP": 0.01109,
  "MDVP:Shimmer": 0.01892,
  "MDVP:Shimmer(dB)": 0.174,
  "Shimmer:APQ3": 0.00955,
  "Shimmer:APQ5": 0.01176,
  "MDVP:APQ": 0.01588,
  "Shimmer:DDA": 0.02865,
  "NHR": 0.01758,
  "HNR": 24.951,
  "RPDE": 0.384868,
  "DFA": 0.619086,
  "spread1": -7.3483,
  "spread2": 0.15164,
  "D2": 2.548951,
  "PPE": 0.112433
}