{
  "Jitter(%)": 0.00662, "Jitter(Abs)": 0.0000338, "Jitter:RAP": 0.00401, "Jitter:PPQ5": 0.00317, "Jitter:DDP": 0.01204,
  "Shimmer": 0.02565, "Shimmer(dB)": 0.23, "Shimmer:APQ3": 0.01438, "Shimmer:APQ5": 0.01309, "Shimmer:APQ11": 0.01662,
  "Shimmer:DDA": 0.04314, "NHR": 0.01429, "HNR": 21.64, "RPDE": 0.41888, "DFA": 0.54842, "PPE": 0.16006
}