{
  "Jitter(%)": 0.003, "Jitter(Abs)": 0.0000168, "Jitter:RAP": 0.00132, "Jitter:PPQ5": 0.0015, "Jitter:DDP": 0.00395,
  "Shimmer": 0.02024, "Shimmer(dB)": 0.179, "Shimmer:APQ3": 0.00994, "Shimmer:APQ5": 0.01072, "Shimmer:APQ11": 0.01689,
  "Shimmer:DDA": 0.02982, "NHR": 0.011112, "HNR": 27.183, "RPDE": 0.43493, "DFA": 0.56477, "PPE": 0.1081
}